GBW, Gain, Pdiss, Fitness, time, performance weight, solution vector, solution path
2785900.0,34.413,0.000983224,-9.45231305243248,2025-0521-121547,"[1, 1, 1]","[2.48492229e-05 7.37137226e-07 7.60090204e-06 8.11246326e-07
 3.35532627e-04 1.54069998e-06 8.33276501e-04 8.34778828e-07
 1.42314683e-05 1.60151595e-06 1.20956800e-12]",STALE
7595330.0,85.2316,0.00115451,-9.818148948736107,2025-0521-121556,"[1, 1, 1]","[1.35949971e-04 5.74368389e-07 1.93938015e-06 1.06956310e-06
 1.44397331e-05 1.20508424e-06 6.33346447e-04 6.13844044e-07
 1.07161972e-04 1.84797873e-06 2.35745915e-12]",STALE
1479350.0,77.8502,0.000907206,-9.212365022199068,2025-0521-121605,"[1, 1, 1]","[1.16436269e-04 6.29414609e-07 2.17865014e-07 8.17352954e-07
 1.29211888e-04 8.49038631e-07 5.65864206e-04 8.35106952e-07
 3.12572860e-04 1.58195335e-06 2.87773165e-12]",STALE
4401590.0,83.3631,0.00100496,-9.641460810310367,2025-0521-121605,"[1, 1, 1]","[1.49349631e-04 8.08778644e-07 8.55999105e-07 1.36465670e-06
 3.63835588e-04 6.88459583e-07 9.43829388e-04 7.90705671e-07
 2.85075527e-04 1.86898715e-06 2.12355915e-12]",STALE
10544700.0,90.8246,0.00163654,-9.809107603720928,2025-0521-121622,"[1, 1, 1]","[2.03475194e-04 5.91978893e-07 1.79141622e-05 1.11323602e-06
 1.15774483e-05 1.88833839e-06 6.83362278e-04 5.66190795e-07
 9.49316703e-05 1.76165707e-06 2.64801041e-12]",STALE
3162470.0,90.1206,0.0015089,-9.321365955836614,2025-0521-121640,"[1, 1, 1]","[1.84962283e-04 5.65518798e-07 7.01741404e-05 1.10239463e-06
 1.71977930e-06 1.24014045e-06 5.67857278e-04 5.77899632e-07
 1.02862731e-04 1.93444707e-06 2.57376957e-12]",STALE
4584470.0,90.1221,0.0011923,-9.58490359117038,2025-0521-121648,"[1, 1, 1]","[1.36184065e-04 5.13679454e-07 1.09468792e-05 9.79355939e-07
 2.33640364e-06 1.08284533e-06 5.95047918e-04 5.28519769e-07
 1.29044595e-04 1.89803467e-06 2.18936585e-12]",STALE
10724000.0,88.9123,0.00139204,-9.88670509048911,2025-0521-121656,"[1, 1, 1]","[1.63326258e-04 5.49869199e-07 6.41840706e-06 1.06010308e-06
 8.75281189e-06 1.12579388e-06 6.21221390e-04 6.14328053e-07
 1.21397801e-04 1.91297590e-06 2.23469100e-12]",STALE
11349100.0,89.0565,0.00173774,-9.814976624718312,2025-0521-121705,"[1, 1, 1]","[2.00886452e-04 5.28222128e-07 2.47295631e-05 9.81847777e-07
 6.32309250e-06 1.06757812e-06 5.76923136e-04 5.76304223e-07
 1.68555405e-04 1.92021145e-06 2.35211588e-12]",STALE
12259300.0,90.2197,0.00111454,-10.041370013291685,2025-0521-121713,"[1, 1, 1]","[1.34981147e-04 5.85851805e-07 7.92872975e-06 1.00059549e-06
 9.70898482e-06 1.20460432e-06 6.26338748e-04 5.70250094e-07
 1.39926765e-04 1.84909103e-06 2.21192404e-12]",STALE
5703610.0,91.4635,0.000934562,-9.785541703476802,2025-0521-121722,"[1, 1, 1]","[1.12434947e-04 5.58638672e-07 3.67613005e-05 1.03586070e-06
 2.85316851e-06 1.21099947e-06 5.92008844e-04 5.25113859e-07
 1.59998967e-04 1.87138280e-06 2.19601887e-12]",STALE
2611610.0,81.5914,0.000698758,-9.572581529762813,2025-0521-121731,"[1, 1, 1]","[8.68966313e-05 6.21625694e-07 3.85278295e-07 9.90908386e-07
 4.51479845e-05 1.26013974e-06 5.78565895e-04 6.06939562e-07
 1.07203381e-04 1.82252496e-06 2.16819717e-12]",STALE
13938200.0,90.8561,0.00130828,-10.02750598966739,2025-0521-121740,"[1, 1, 1]","[1.56659750e-04 5.68111514e-07 2.03577760e-05 1.02731152e-06
 8.70435009e-06 1.18328223e-06 6.03228281e-04 5.38773107e-07
 1.20982925e-04 1.81804306e-06 2.25946558e-12]",STALE
4319050.0,90.9391,0.000862826,-9.699465008281793,2025-0521-121740,"[1, 1, 1]","[1.07538551e-04 5.90910801e-07 4.28641690e-06 1.02617100e-06
 3.02710043e-06 1.19396873e-06 6.13174879e-04 5.65514612e-07
 1.39900116e-04 1.82477956e-06 2.24596128e-12]",STALE
14394400.0,90.2629,0.00129897,-10.044594445886494,2025-0521-121748,"[1, 1, 1]","[1.56941746e-04 5.79110600e-07 1.13893303e-05 9.92209474e-07
 9.93936874e-06 1.17057135e-06 6.16215236e-04 5.36599185e-07
 1.49650423e-04 1.86851375e-06 2.15726142e-12]",STALE
10243800.0,91.5781,0.000942457,-10.036199546251556,2025-0521-121748,"[1, 1, 1]","[1.18268391e-04 6.13243420e-07 1.07240913e-05 1.03287114e-06
 7.31787068e-06 1.24794864e-06 6.29860683e-04 5.89025316e-07
 1.32589038e-04 1.87801687e-06 2.26580575e-12]",STALE
12612300.0,90.8983,0.00111397,-10.053920797321608,2025-0521-121748,"[1, 1, 1]","[1.38109756e-04 6.04202968e-07 1.01182070e-05 1.04010304e-06
 9.14526132e-06 1.19173846e-06 6.06389026e-04 5.64407053e-07
 1.16230129e-04 1.87177134e-06 2.19153197e-12]",STALE
5827350.0,91.6454,0.000944955,-9.790059975970363,2025-0521-121756,"[1, 1, 1]","[1.17862210e-04 5.90125314e-07 2.02466497e-05 1.05274555e-06
 3.00859019e-06 1.20176838e-06 6.18332861e-04 5.89487836e-07
 1.42566187e-04 1.88837489e-06 2.13144920e-12]",STALE
11800200.0,87.2742,0.00106628,-10.044018104858017,2025-0521-121805,"[1, 1, 1]","[1.30735870e-04 6.24208781e-07 3.11847040e-06 9.99163081e-07
 1.69408999e-05 1.22717585e-06 6.18945822e-04 5.83598325e-07
 9.65982197e-05 1.88477805e-06 2.14891628e-12]",STALE
3390910.0,91.6348,0.000932477,-9.560678134555666,2025-0521-121805,"[1, 1, 1]","[1.20483941e-04 6.16085392e-07 7.97955132e-06 1.07031481e-06
 1.86219219e-06 1.20831136e-06 6.11947027e-04 5.53354695e-07
 1.40980561e-04 1.89566689e-06 2.14957229e-12]",STALE
9792060.0,92.1095,0.000926202,-10.024168351456128,2025-0521-121805,"[1, 1, 1]","[1.19747421e-04 6.36666414e-07 1.26718150e-05 1.06371081e-06
 6.45590147e-06 1.22649682e-06 6.01705218e-04 5.94302168e-07
 9.43486860e-05 1.90302431e-06 2.24848431e-12]",STALE
12398500.0,91.745,0.00116214,-10.028110696822758,2025-0521-121805,"[1, 1, 1]","[1.47389698e-04 6.15912961e-07 3.33053729e-05 1.02302560e-06
 7.18526976e-06 1.21416694e-06 6.27634109e-04 5.78350058e-07
 1.19508547e-04 1.88978690e-06 2.24690380e-12]",STALE
13863800.0,90.873,0.00120665,-10.060300967363622,2025-0521-121805,"[1, 1, 1]","[1.49951541e-04 6.06668175e-07 1.21194500e-05 1.04548819e-06
 1.00540595e-05 1.19628107e-06 5.87323235e-04 5.37602293e-07
 1.19457418e-04 1.90068020e-06 2.25425836e-12]",STALE
10449400.0,91.2943,0.00115592,-9.956163576099803,2025-0521-121831,"[1, 1, 1]","[1.44158572e-04 5.99712580e-07 1.55781946e-05 1.05528792e-06
 6.60198270e-06 1.18726648e-06 5.84329220e-04 5.45608986e-07
 1.22863494e-04 1.90516839e-06 2.26801179e-12]",STALE
13118600.0,90.2594,0.00116013,-10.053380832734756,2025-0521-121831,"[1, 1, 1]","[1.44098162e-04 6.10731598e-07 8.18045991e-06 1.04563283e-06
 1.09931102e-05 1.19653464e-06 5.86107267e-04 5.46121964e-07
 1.23617007e-04 1.89927498e-06 2.26495450e-12]",STALE
13318800.0,91.4801,0.00114391,-10.066073240853715,2025-0521-121840,"[1, 1, 1]","[1.43953330e-04 6.15979080e-07 1.61342623e-05 1.05511814e-06
 8.88066643e-06 1.18860436e-06 5.90598458e-04 5.45779282e-07
 1.17032950e-04 1.90526748e-06 2.26831722e-12]",STALE
930027.0,92.7913,0.00322796,-8.45956741249579,2025-0521-121947,"[1, 1, 1]","[7.34359328e-04 1.29870685e-06 3.99287198e-04 1.66863575e-06
 2.03472422e-07 1.92721091e-06 9.24388871e-04 6.71104573e-07
 6.23429883e-04 1.12419999e-06 1.01857397e-12]",STALE
6861960.0,92.1481,0.00294205,-9.367798132853189,2025-0521-121956,"[1, 1, 1]","[9.25637934e-04 1.93399459e-06 4.37047749e-04 1.92431098e-06
 5.09592355e-06 1.94546953e-06 8.67227530e-04 1.27741548e-06
 1.27823465e-04 5.61458629e-07 2.42700146e-12]",STALE
5839590.0,92.5297,0.00269424,-9.335946076594487,2025-0521-122004,"[1, 1, 1]","[8.70851497e-04 1.99531570e-06 4.52364530e-04 1.94706377e-06
 3.59038728e-06 1.67235830e-06 6.37894842e-04 1.12535582e-06
 1.64964317e-04 1.32999831e-06 2.37650552e-12]",STALE
7919170.0,93.0851,0.00260709,-9.482523642205589,2025-0521-122030,"[1, 1, 1]","[8.14865171e-04 1.92597559e-06 6.18810012e-04 1.65791735e-06
 6.25116475e-06 1.87302177e-06 7.46971673e-04 8.00647269e-07
 3.33219512e-04 5.45510355e-07 2.79267784e-12]",STALE
9043680.0,92.4537,0.00262597,-9.537055426695085,2025-0521-122030,"[1, 1, 1]","[6.28172092e-04 1.39808932e-06 9.53938538e-04 1.58117712e-06
 6.48215443e-06 1.64861943e-06 6.92014251e-04 7.79476257e-07
 3.22620961e-04 1.22047981e-06 2.88168653e-12]",STALE
14334900.0,91.238,0.00356425,-9.60442650938748,2025-0521-122030,"[1, 1, 1]","[8.77226995e-04 1.44881919e-06 4.65977090e-04 1.72551971e-06
 9.87853666e-06 1.66064898e-06 7.97881158e-04 1.03354135e-06
 6.00334942e-05 7.99990462e-07 2.48430225e-12]",STALE
12325600.0,92.3181,0.00335927,-9.564563158067498,2025-0521-122030,"[1, 1, 1]","[9.90048563e-04 1.79947081e-06 4.26603549e-04 1.81206590e-06
 9.27576126e-06 1.77072847e-06 6.34913249e-04 7.37424907e-07
 9.50760090e-05 7.62677134e-07 2.61927583e-12]",STALE
9886820.0,92.0046,0.00311877,-9.501073279425068,2025-0521-122030,"[1, 1, 1]","[9.46054222e-04 1.85799643e-06 4.04698248e-04 1.68850324e-06
 7.57479335e-06 1.93153556e-06 6.77842288e-04 8.72114180e-07
 4.48752830e-05 5.21355902e-07 2.53543923e-12]",STALE
10734100.0,94.9685,0.00252657,-9.628234301796303,2025-0521-122039,"[1, 1, 1]","[6.82166342e-04 1.62232664e-06 7.73304703e-04 1.72611978e-06
 7.36690521e-06 1.82890272e-06 8.85033430e-04 5.76783916e-07
 1.69039957e-04 9.05743545e-07 2.41521482e-12]",STALE
13630100.0,93.3429,0.00277539,-9.69117502298481,2025-0521-122039,"[1, 1, 1]","[5.73935481e-04 1.17082968e-06 2.57325123e-04 1.79607993e-06
 1.15926954e-05 1.84607644e-06 8.41857957e-04 5.61830455e-07
 1.62636930e-05 5.10240646e-07 2.69567818e-12]",STALE
14129300.0,93.8591,0.00251758,-9.74913736654905,2025-0521-122039,"[1, 1, 1]","[6.81806486e-04 1.63501850e-06 3.19545082e-04 1.93181709e-06
 9.94026332e-06 1.79466817e-06 8.99799566e-04 8.19560655e-07
 1.35510338e-04 6.02834654e-07 2.29375494e-12]",STALE
14744100.0,87.4861,0.00459244,-9.50657477678947,2025-0521-122047,"[1, 1, 1]","[7.86290906e-04 9.07117255e-07 2.04050807e-04 1.79790082e-06
 1.10273719e-05 1.68207772e-06 9.66544160e-04 1.16996893e-06
 4.17268341e-04 7.43047885e-07 2.39279198e-12]",STALE
14637100.0,91.0188,0.003525,-9.61829591859475,2025-0521-122056,"[1, 1, 1]","[7.15113394e-04 1.13832319e-06 1.61793651e-04 1.86449466e-06
 1.14445127e-05 1.73562376e-06 8.56945879e-04 6.11173903e-07
 5.66978565e-04 5.58687198e-07 2.49708747e-12]",STALE
12207900.0,94.0297,0.00221464,-9.741337823423397,2025-0521-122056,"[1, 1, 1]","[4.24217855e-04 1.05745454e-06 4.93335560e-04 1.70538997e-06
 6.38880864e-06 1.62241369e-06 8.41401742e-04 5.01267368e-07
 5.63497593e-05 7.92308956e-07 1.98686697e-12]",STALE
12240600.0,93.5356,0.00225695,-9.734280768318083,2025-0521-122056,"[1, 1, 1]","[4.95245236e-04 1.26115660e-06 1.74115143e-04 1.86326658e-06
 7.78142834e-06 1.67766978e-06 7.88354911e-04 5.60798477e-07
 2.58080074e-04 7.57455384e-07 2.16454849e-12]",STALE
9698370.0,95.3176,0.00282776,-9.535256201865494,2025-0521-122056,"[1, 1, 1]","[8.93933337e-04 1.95068219e-06 9.90521164e-05 1.90091028e-06
 6.56588053e-06 1.70513432e-06 9.07914800e-04 5.81025161e-07
 1.08407266e-04 9.32614986e-07 2.16830228e-12]",STALE
13946600.0,93.9936,0.00285948,-9.68818128184047,2025-0521-122104,"[1, 1, 1]","[7.49293852e-04 1.56776800e-06 1.61711231e-04 1.93399005e-06
 9.62088039e-06 1.72133925e-06 9.48078401e-04 8.24033755e-07
 9.91406719e-05 8.52651565e-07 2.18513379e-12]",STALE
16443800.0,92.4416,0.00308188,-9.727186461504298,2025-0521-122104,"[1, 1, 1]","[6.59185950e-04 1.21948513e-06 1.98442178e-04 1.90429620e-06
 1.01074349e-05 1.71448310e-06 8.73815261e-04 7.26029081e-07
 2.58609675e-04 9.59442044e-07 1.98543378e-12]",STALE
11528900.0,94.9595,0.00240257,-9.681111822295593,2025-0521-122104,"[1, 1, 1]","[6.54696862e-04 1.64536470e-06 3.91906980e-04 1.81019126e-06
 8.88929653e-06 1.87702699e-06 9.02586940e-04 6.64537735e-07
 3.01943369e-05 5.61464760e-07 2.50484601e-12]",STALE
10809600.0,95.0221,0.00229297,-9.673411250865815,2025-0521-122104,"[1, 1, 1]","[6.93405620e-04 1.86412361e-06 1.72490461e-04 1.94206837e-06
 9.00093022e-06 1.82203877e-06 8.47995436e-04 6.70859561e-07
 1.33971033e-04 6.82556336e-07 2.60844600e-12]",STALE
13061700.0,93.8609,0.00240016,-9.735759510989041,2025-0521-122122,"[1, 1, 1]","[6.32023145e-04 1.57963231e-06 3.32357959e-04 1.88624699e-06
 9.49526385e-06 1.86806699e-06 8.90650336e-04 6.98855012e-07
 2.09434338e-04 5.52699678e-07 2.34287754e-12]",STALE
14498900.0,93.8431,0.0026216,-9.74276862613296,2025-0521-122122,"[1, 1, 1]","[7.00524122e-04 1.60678389e-06 2.58425443e-04 1.91652127e-06
 9.54431009e-06 1.77353848e-06 8.88635376e-04 6.68477021e-07
 1.66343862e-04 5.67001149e-07 2.13111557e-12]",STALE
12648300.0,94.3108,0.00244797,-9.713226066699885,2025-0521-122122,"[1, 1, 1]","[6.36199442e-04 1.55388973e-06 3.52515966e-04 1.98018273e-06
 9.23137478e-06 1.85024642e-06 9.31338376e-04 6.68778090e-07
 1.75871805e-04 6.07631103e-07 2.37846656e-12]",STALE
13476000.0,94.509,0.00257365,-9.719011517007196,2025-0521-122122,"[1, 1, 1]","[7.40039149e-04 1.75412161e-06 2.90760734e-04 1.94325711e-06
 9.68610223e-06 1.87509105e-06 9.12135181e-04 7.04341931e-07
 8.75623415e-05 5.66511370e-07 2.27040889e-12]",STALE
13508700.0,94.428,0.00239764,-9.75082958165272,2025-0521-122130,"[1, 1, 1]","[7.14964097e-04 1.83311808e-06 2.38334146e-04 1.94196970e-06
 8.87218433e-06 1.72664537e-06 8.61270362e-04 8.29406124e-07
 1.18948822e-04 6.62160771e-07 2.18850705e-12]",STALE
13275900.0,94.8921,0.00230808,-9.759813114691442,2025-0521-122130,"[1, 1, 1]","[6.54178853e-04 1.72602440e-06 2.81859793e-04 1.99768096e-06
 9.23428654e-06 1.87277511e-06 8.72976774e-04 5.87969721e-07
 1.47541314e-04 5.86666504e-07 2.21093248e-12]",STALE
12737700.0,95.3458,0.00195654,-9.813602284954849,2025-0521-122139,"[1, 1, 1]","[5.87454059e-04 1.85297758e-06 2.80271478e-04 1.89288900e-06
 8.50984083e-06 1.77660252e-06 8.53519631e-04 6.48167624e-07
 1.07216517e-04 5.60137224e-07 2.22551145e-12]",STALE
12097100.0,94.8081,0.00191677,-9.800111267257863,2025-0521-122139,"[1, 1, 1]","[5.37780045e-04 1.70982390e-06 3.11696325e-04 1.91629489e-06
 8.28158354e-06 1.79118963e-06 9.10798740e-04 7.49079742e-07
 1.94234659e-04 5.47443823e-07 2.27893154e-12]",STALE
14479700.0,94.4296,0.00275352,-9.720871328657704,2025-0521-122139,"[1, 1, 1]","[7.64206685e-04 1.68124469e-06 2.42288537e-04 1.90764782e-06
 9.68009256e-06 1.70623556e-06 9.11550795e-04 5.54582423e-07
 1.27662167e-04 5.78601803e-07 2.23837142e-12]",STALE
12549500.0,95.559,0.00198944,-9.799895577215313,2025-0521-122148,"[1, 1, 1]","[6.06079831e-04 1.88382162e-06 2.49638589e-04 1.96271277e-06
 7.89395444e-06 1.64847859e-06 8.85323028e-04 6.99589544e-07
 6.02135219e-05 5.43719745e-07 2.18439185e-12]",STALE
11775400.0,95.3378,0.00179527,-9.81684589501964,2025-0521-122148,"[1, 1, 1]","[5.63447433e-04 1.95482793e-06 2.15147365e-04 1.78223967e-06
 7.84202703e-06 1.64898968e-06 8.13560613e-04 6.92328178e-07
 8.91764374e-05 5.34286113e-07 2.31639065e-12]",STALE
13352000.0,95.3789,0.00200926,-9.822510185201075,2025-0521-122148,"[1, 1, 1]","[6.39071393e-04 1.98151366e-06 2.69650297e-04 1.80839994e-06
 9.10419367e-06 1.89353125e-06 8.76455105e-04 5.85556990e-07
 1.53807723e-04 5.33802719e-07 2.15098522e-12]",STALE
11518200.0,96.2451,0.00185334,-9.793429516202446,2025-0521-122148,"[1, 1, 1]","[5.90158470e-04 1.98411460e-06 2.15760976e-04 1.89561020e-06
 8.23401817e-06 1.92239629e-06 8.90514591e-04 6.46050854e-07
 5.38717176e-05 6.02274524e-07 2.18436001e-12]",STALE
13607100.0,95.3199,0.0022727,-9.77722346452585,2025-0521-122148,"[1, 1, 1]","[6.70296790e-04 1.81022505e-06 2.66703010e-04 1.96054726e-06
 9.23699003e-06 1.86325711e-06 8.32929394e-04 5.09784390e-07
 6.30261941e-05 5.48376904e-07 2.16367720e-12]",STALE
13697800.0,95.1214,0.00207978,-9.818633423296408,2025-0521-122148,"[1, 1, 1]","[6.63639469e-04 1.99005517e-06 2.75570968e-04 1.93451805e-06
 9.34661140e-06 1.84158429e-06 8.44352171e-04 7.70057636e-07
 8.56560751e-05 5.42315487e-07 2.19344194e-12]",STALE
13874800.0,94.6439,0.00218805,-9.802169489638391,2025-0521-122156,"[1, 1, 1]","[6.78104563e-04 1.92009307e-06 3.25295749e-04 1.68557936e-06
 8.58192947e-06 1.71063678e-06 9.14643698e-04 6.85055693e-07
 1.71146685e-04 5.05611696e-07 2.14689014e-12]",STALE
15299800.0,95.1634,0.00185904,-9.915397019366772,2025-0521-122156,"[1, 1, 1]","[5.81913803e-04 1.95352415e-06 2.20200977e-04 1.91482440e-06
 9.60379840e-06 1.72175950e-06 8.91341628e-04 7.32930110e-07
 1.76938305e-04 5.06624199e-07 2.06680911e-12]",STALE
13923800.0,95.7201,0.00172557,-9.90682519478921,2025-0521-122156,"[1, 1, 1]","[5.28159214e-04 1.90480666e-06 2.17754532e-04 1.91717989e-06
 9.81402981e-06 1.84495902e-06 8.99442852e-04 5.51113936e-07
 1.85596752e-04 5.21351725e-07 2.21801692e-12]",STALE
14535300.0,95.7562,0.00170105,-9.931706920497602,2025-0521-122156,"[1, 1, 1]","[5.23445649e-04 1.91704696e-06 2.07555728e-04 1.71246965e-06
 9.33258810e-06 1.79781236e-06 9.14433680e-04 5.06415992e-07
 1.27960138e-04 5.20453598e-07 2.06462147e-12]",STALE
13776600.0,95.917,0.00144838,-9.978259529744964,2025-0521-122205,"[1, 1, 1]","[4.13837353e-04 1.75883694e-06 2.68030006e-04 1.82720927e-06
 9.03414753e-06 1.94943685e-06 8.81205506e-04 6.77440971e-07
 8.98490727e-05 5.37926125e-07 2.00540619e-12]",STALE
12864300.0,95.8219,0.00143152,-9.953588739423292,2025-0521-122205,"[1, 1, 1]","[4.29567647e-04 1.86642738e-06 2.31913329e-04 1.62893215e-06
 8.63992298e-06 1.83532616e-06 9.46363334e-04 6.49603651e-07
 1.35632472e-04 5.08490585e-07 2.13884661e-12]",STALE
14897100.0,95.3837,0.00199087,-9.87405883071656,2025-0521-122205,"[1, 1, 1]","[6.15938716e-04 1.92160885e-06 1.68809702e-04 1.62220815e-06
 8.59910566e-06 1.61712009e-06 9.39047041e-04 6.08562832e-07
 9.77584097e-05 5.41436411e-07 1.97962423e-12]",STALE
14543800.0,95.7683,0.00172185,-9.926682578750402,2025-0521-122205,"[1, 1, 1]","[4.99839682e-04 1.79111059e-06 1.50132985e-04 1.77258191e-06
 9.61450370e-06 1.72734640e-06 9.50833406e-04 5.27511953e-07
 1.13482642e-04 5.41882091e-07 2.12190693e-12]",STALE
14097200.0,96.2858,0.00155338,-9.95785515196723,2025-0521-122205,"[1, 1, 1]","[4.94887135e-04 1.99985297e-06 1.49343328e-04 1.84003286e-06
 9.48713877e-06 1.89573685e-06 9.59450223e-04 5.01263391e-07
 1.25705949e-04 5.28887058e-07 1.98577483e-12]",STALE
14636400.0,96.0611,0.00161072,-9.958414218597474,2025-0521-122214,"[1, 1, 1]","[4.96063183e-04 1.91964289e-06 3.09083969e-04 1.74915709e-06
 8.93875231e-06 1.75657895e-06 8.95869479e-04 7.50222925e-07
 6.29489439e-05 5.62026710e-07 2.05419200e-12]",STALE
15031700.0,96.6869,0.0012687,-10.07364915974023,2025-0521-122214,"[1, 1, 1]","[3.72922613e-04 1.82970299e-06 2.73068326e-04 1.76693702e-06
 8.85502662e-06 1.78150374e-06 9.12762756e-04 7.15490765e-07
 5.68522279e-05 5.70019195e-07 1.92641866e-12]",STALE
15304100.0,95.9914,0.0014212,-10.032152595976799,2025-0521-122214,"[1, 1, 1]","[4.12555100e-04 1.79794486e-06 2.55110969e-04 1.92968039e-06
 9.10350073e-06 1.79029520e-06 9.26580875e-04 7.99612172e-07
 7.62204576e-05 5.14276112e-07 1.91437963e-12]",STALE
14793800.0,97.0897,0.00105681,-10.146082828990735,2025-0521-122214,"[1, 1, 1]","[3.06375348e-04 1.81786824e-06 2.26429981e-04 1.86497431e-06
 9.64969721e-06 1.77721021e-06 9.11168478e-04 7.76865957e-07
 5.22054205e-05 5.63655023e-07 2.08672499e-12]",STALE
11078800.0,97.2795,0.00103613,-10.029078473939578,2025-0521-122223,"[1, 1, 1]","[3.13940263e-04 1.91005727e-06 3.27992355e-04 1.69669617e-06
 9.24301260e-06 1.88558895e-06 8.51944084e-04 7.37432083e-07
 1.72245850e-05 5.07936773e-07 2.74185479e-12]",STALE
9376280.0,98.1105,0.000947362,-9.995514607436457,2025-0521-122223,"[1, 1, 1]","[2.89114719e-04 1.92539597e-06 4.02597965e-04 1.71252057e-06
 8.57440623e-06 1.98984900e-06 8.98854590e-04 5.96341951e-07
 2.70567575e-06 6.07894667e-07 2.88428929e-12]",STALE
14297500.0,97.4129,0.00106029,-10.129835439789304,2025-0521-122223,"[1, 1, 1]","[3.18759530e-04 1.90269347e-06 5.37185921e-04 1.62320838e-06
 9.35010439e-06 1.54634356e-06 9.19676268e-04 5.63265051e-07
 5.06226689e-05 5.62304643e-07 2.54061582e-12]",STALE
20790200.0,97.7742,0.001009,-10.313967500991557,2025-0521-122223,"[1, 1, 1]","[3.08094295e-04 1.95543800e-06 8.10786485e-05 1.85275711e-06
 9.55687330e-06 1.33667558e-06 8.76000774e-04 5.95112388e-07
 5.00272725e-06 5.34618658e-07 1.62502879e-12]",STALE
17563200.0,97.9396,0.00107313,-10.213951310858215,2025-0521-122223,"[1, 1, 1]","[3.16457181e-04 1.85416563e-06 2.99325106e-04 1.97016585e-06
 9.79919126e-06 1.80362563e-06 9.49449461e-04 5.84295493e-07
 5.22456600e-06 5.21785725e-07 1.77256472e-12]",./circuit_database/SMC/result_folder/2025-0521-122223
10008600.0,97.949,0.00101738,-9.992890136872859,2025-0521-122223,"[1, 1, 1]","[3.06935540e-04 1.89877163e-06 3.78456562e-04 1.98674606e-06
 8.73216235e-06 1.84613265e-06 9.30244890e-04 7.00344446e-07
 4.41336850e-05 6.38232179e-07 2.90405473e-12]",STALE
12205900.0,98.2386,0.00104432,-10.067736212213118,2025-0521-122223,"[1, 1, 1]","[3.17587662e-04 1.92297635e-06 4.50156062e-04 1.90561850e-06
 8.63526481e-06 1.58674660e-06 8.89128606e-04 6.44844953e-07
 1.56901637e-05 6.19733932e-07 2.70271078e-12]",./circuit_database/SMC/result_folder/2025-0521-122223
29067700.0,96.6741,0.00139515,-10.318789765876001,2025-0521-122240,"[1, 1, 1]","[3.80919891e-04 1.72731099e-06 4.99200726e-05 1.99988463e-06
 1.26033647e-05 9.67664329e-07 7.88307474e-04 5.23325939e-07
 6.42057476e-06 7.00430557e-07 1.65062625e-12]",./circuit_database/SMC/result_folder/2025-0521-122240
15400900.0,92.7901,0.000899637,-10.233478792277431,2025-0521-122240,"[1, 1, 1]","[2.77272546e-04 1.99316626e-06 1.88045926e-05 1.66961868e-06
 1.11902035e-05 1.56060241e-06 7.64834322e-04 5.44653120e-07
 1.18859450e-06 5.26599602e-07 1.76551257e-12]",./circuit_database/SMC/result_folder/2025-0521-122240
25186900.0,97.4497,0.00126597,-10.298751303664504,2025-0521-122240,"[1, 1, 1]","[3.90834691e-04 1.99001668e-06 8.15483540e-05 1.96647864e-06
 1.12600671e-05 1.04004627e-06 9.12894828e-04 5.35201741e-07
 1.14323174e-05 5.01866075e-07 1.80364913e-12]",./circuit_database/SMC/result_folder/2025-0521-122240
22194700.0,97.7611,0.00102438,-10.335788188443622,2025-0521-122258,"[1, 1, 1]","[2.83096755e-04 1.74425624e-06 1.02787177e-04 1.97421274e-06
 8.03885466e-06 9.42164105e-07 7.49967057e-04 5.16349731e-07
 2.50861676e-05 6.99351044e-07 1.71793285e-12]",STALE
12440500.0,96.9959,0.000955941,-10.114406746813932,2025-0521-122306,"[1, 1, 1]","[2.78098882e-04 1.81110834e-06 1.28488955e-04 1.96167937e-06
 4.03939346e-06 9.17214825e-07 6.92864797e-04 5.01482550e-07
 8.41271788e-05 6.80006637e-07 1.73276261e-12]",./circuit_database/SMC/result_folder/2025-0521-122306
1300460.0,98.2962,0.000932682,-9.144363403241602,2025-0521-122315,"[1, 1, 1]","[2.75442526e-04 1.79689639e-06 7.77773625e-05 1.98968837e-06
 3.54580434e-07 1.05004504e-06 7.09666238e-04 5.66339606e-07
 1.47370127e-06 7.20985551e-07 1.72135376e-12]",STALE
9738800.0,97.2294,0.000952189,-10.00978228702024,2025-0521-122332,"[1, 1, 1]","[2.72311280e-04 1.76350344e-06 1.07261310e-04 1.95891325e-06
 3.35636657e-06 1.00263754e-06 7.44718351e-04 5.17043288e-07
 4.49758609e-05 6.78213652e-07 1.73090624e-12]",STALE
5123640.0,97.1322,0.000906754,-9.752089127430631,2025-0521-122332,"[1, 1, 1]","[2.59342574e-04 1.74584580e-06 1.14270138e-04 1.94216727e-06
 1.62990202e-06 1.00010089e-06 7.50502184e-04 5.06598541e-07
 5.16766290e-05 7.33148435e-07 1.68848256e-12]",STALE
2923020.0,97.2565,0.000939153,-9.493095436774755,2025-0521-122333,"[1, 1, 1]","[2.72847951e-04 1.76886446e-06 1.11554331e-04 1.99740630e-06
 8.91100551e-07 9.98837602e-07 7.64334069e-04 5.26364243e-07
 3.38569546e-05 7.16437980e-07 1.72447383e-12]",STALE
10171900.0,97.2321,0.000974918,-10.018433993090413,2025-0521-122333,"[1, 1, 1]","[2.80324766e-04 1.77706080e-06 1.04661728e-04 1.93208284e-06
 3.51985590e-06 9.79419062e-07 7.31432655e-04 5.33727433e-07
 5.34664576e-05 7.29609484e-07 1.76651997e-12]",STALE
9396290.0,97.5819,0.000956176,-9.992418573336323,2025-0521-122341,"[1, 1, 1]","[2.71812525e-04 1.74954013e-06 1.07910361e-04 1.97850053e-06
 3.07857361e-06 9.17820714e-07 7.58999084e-04 5.28566056e-07
 2.64349054e-05 7.07442765e-07 1.74343531e-12]",STALE
1668070.0,97.415,0.000938187,-9.24992486086104,2025-0521-122341,"[1, 1, 1]","[2.72259266e-04 1.76167935e-06 1.01575312e-04 1.96549465e-06
 4.42652866e-07 9.66252169e-07 7.46373435e-04 5.18714353e-07
 1.41688327e-05 7.09011302e-07 1.72981479e-12]",STALE
9774910.0,97.3433,0.000989138,-9.994855880830473,2025-0521-122350,"[1, 1, 1]","[2.82875568e-04 1.76228961e-06 1.03516845e-04 1.95339450e-06
 3.12524427e-06 9.20954228e-07 7.39542895e-04 5.21106963e-07
 3.36960332e-05 7.03086756e-07 1.70364511e-12]",STALE
15281100.0,97.6404,0.000970364,-10.197219941711618,2025-0521-122350,"[1, 1, 1]","[2.73728449e-04 1.76075947e-06 1.02941177e-04 1.96267100e-06
 5.54394000e-06 9.70086721e-07 7.61387949e-04 5.11529586e-07
 3.57864067e-05 7.11359300e-07 1.74563899e-12]",./circuit_database/SMC/result_folder/2025-0521-122350
3277180.0,97.3148,0.000940931,-9.54194251870517,2025-0521-122350,"[1, 1, 1]","[2.72301170e-04 1.76175479e-06 1.04544227e-04 1.97921541e-06
 9.55426418e-07 9.38293755e-07 7.51728001e-04 5.16587484e-07
 2.42147139e-05 7.12665609e-07 1.69809571e-12]",STALE
20430200.0,97.5937,0.0010085,-10.306596715599632,2025-0521-122350,"[1, 1, 1]","[2.80475674e-04 1.74935073e-06 1.08645003e-04 1.96528839e-06
 7.33518500e-06 9.74520793e-07 7.41348288e-04 5.02893567e-07
 3.27823768e-05 6.88173581e-07 1.70382415e-12]",STALE
20791000.0,97.7411,0.00097874,-10.327208040607314,2025-0521-122350,"[1, 1, 1]","[2.72663076e-04 1.75867228e-06 1.09677640e-04 1.95512429e-06
 7.24688115e-06 9.11395649e-07 7.44434492e-04 5.03272767e-07
 3.05486414e-05 7.01569852e-07 1.73464234e-12]",./circuit_database/SMC/result_folder/2025-0521-122350
23252400.0,97.8707,0.00101214,-10.361227196697728,2025-0521-122358,"[1, 1, 1]","[2.79277159e-04 1.74939055e-06 1.00350558e-04 1.97252130e-06
 8.54203350e-06 9.35141347e-07 7.50177275e-04 5.18347313e-07
 2.13972736e-05 7.06795519e-07 1.72852400e-12]",./circuit_database/SMC/result_folder/2025-0521-122358
14420500.0,97.8201,0.0010101,-10.154615947769164,2025-0521-122407,"[1, 1, 1]","[2.84112560e-04 1.74719494e-06 1.03259709e-04 1.97050583e-06
 4.96586561e-06 9.34874219e-07 7.45362981e-04 5.11095070e-07
 1.62619926e-05 7.14108263e-07 1.72401500e-12]",STALE
15333000.0,97.7444,0.000982164,-10.19344312411173,2025-0521-122407,"[1, 1, 1]","[2.74834122e-04 1.74333191e-06 9.74486081e-05 1.97403847e-06
 5.36018134e-06 9.34283232e-07 7.54108620e-04 5.24795606e-07
 2.43506456e-05 7.05585245e-07 1.71655738e-12]",./circuit_database/SMC/result_folder/2025-0521-122407
14709700.0,97.8011,0.000973502,-10.1792669674215,2025-0521-122407,"[1, 1, 1]","[2.73258123e-04 1.74794810e-06 9.90824854e-05 1.96844651e-06
 5.17534741e-06 9.37876859e-07 7.49452850e-04 5.19542880e-07
 2.08459860e-05 7.06785129e-07 1.74174993e-12]",./circuit_database/SMC/result_folder/2025-0521-122407
15271600.0,97.8443,0.000978545,-10.193303738116956,2025-0521-122407,"[1, 1, 1]","[2.75145696e-04 1.75306784e-06 9.45418129e-05 1.97748274e-06
 5.38495998e-06 9.41634615e-07 7.46420279e-04 5.14557164e-07
 1.88965261e-05 7.07232952e-07 1.71995297e-12]",./circuit_database/SMC/result_folder/2025-0521-122407
15051600.0,97.7598,0.00097751,-10.187461459362222,2025-0521-122407,"[1, 1, 1]","[2.75228739e-04 1.75472831e-06 1.03710344e-04 1.96625896e-06
 5.19989107e-06 9.24405230e-07 7.48133379e-04 5.11290809e-07
 2.21835956e-05 6.99820475e-07 1.73014509e-12]",./circuit_database/SMC/result_folder/2025-0521-122407
18188800.0,97.7788,0.00100435,-10.257918963670457,2025-0521-122407,"[1, 1, 1]","[2.79811194e-04 1.74514169e-06 1.01133046e-04 1.96575113e-06
 6.44362915e-06 9.40932075e-07 7.45693069e-04 5.12127780e-07
 2.31401566e-05 7.13241721e-07 1.73698084e-12]",STALE
16257300.0,97.8033,0.00100814,-10.207527573350939,2025-0521-122407,"[1, 1, 1]","[2.83561546e-04 1.75553344e-06 9.86215217e-05 1.96773016e-06
 5.65808902e-06 9.33722035e-07 7.52037565e-04 5.29955949e-07
 2.15617417e-05 7.12829991e-07 1.71457391e-12]",STALE
14690200.0,97.8411,0.000971037,-10.179791930136698,2025-0521-122416,"[1, 1, 1]","[2.73451805e-04 1.75476511e-06 9.38723713e-05 1.97343985e-06
 5.07318959e-06 9.24598757e-07 7.51059683e-04 5.29133644e-07
 2.06021021e-05 7.10436285e-07 1.71794807e-12]",./circuit_database/SMC/result_folder/2025-0521-122416
17963100.0,97.9359,0.000984559,-10.261139541121075,2025-0521-122416,"[1, 1, 1]","[2.76012196e-04 1.75762129e-06 9.59854203e-05 1.96402147e-06
 6.31341240e-06 9.28004271e-07 7.49399484e-04 5.12145143e-07
 1.71494803e-05 7.14500235e-07 1.72850159e-12]",./circuit_database/SMC/result_folder/2025-0521-122416
21271000.0,97.8817,0.00100255,-10.326681866268313,2025-0521-122416,"[1, 1, 1]","[2.78165510e-04 1.75103067e-06 1.03519056e-04 1.96481499e-06
 7.58857397e-06 9.24123902e-07 7.50678343e-04 5.30199051e-07
 2.24300423e-05 7.12341400e-07 1.73514430e-12]",./circuit_database/SMC/result_folder/2025-0521-122416
13759600.0,97.8717,0.000972069,-10.150908715497776,2025-0521-122416,"[1, 1, 1]","[2.74655554e-04 1.75595785e-06 1.00072249e-04 1.97566450e-06
 4.72187388e-06 9.46209941e-07 7.43849734e-04 5.24189325e-07
 1.70897269e-05 7.12672811e-07 1.71386206e-12]",./circuit_database/SMC/result_folder/2025-0521-122416
17283000.0,97.8982,0.000984555,-10.244379147888186,2025-0521-122416,"[1, 1, 1]","[2.76168126e-04 1.75674499e-06 9.96112916e-05 1.98119122e-06
 6.04633311e-06 9.26342769e-07 7.48916647e-04 5.29325006e-07
 2.07885596e-05 7.15272809e-07 1.73274669e-12]",./circuit_database/SMC/result_folder/2025-0521-122416
31541200.0,86.7734,0.00665102,-9.675989958463317,2025-0521-122535,"[1, 1, 1]","[7.62552620e-04 5.13775915e-07 4.13195484e-04 1.72673049e-06
 2.24191222e-05 1.99062157e-06 9.62087794e-04 5.62332602e-07
 9.86530457e-04 1.79208395e-06 1.94620195e-12]",STALE
35307900.0,87.0958,0.00703102,-9.700853554592285,2025-0521-122553,"[1, 1, 1]","[9.14975026e-04 6.19028227e-07 4.45305453e-04 1.47549627e-06
 2.39524432e-05 1.97573927e-06 9.42186252e-04 5.48060830e-07
 8.90097896e-04 1.93403921e-06 1.89148447e-12]",STALE
36161700.0,89.6011,0.0059874,-9.78101056591948,2025-0521-122601,"[1, 1, 1]","[9.47545650e-04 8.28088410e-07 2.23356009e-04 1.36231044e-06
 3.97789069e-05 1.96145430e-06 9.94752845e-04 5.02782924e-07
 8.19566045e-04 1.87806108e-06 2.97677311e-12]",STALE
36807800.0,89.8044,0.00532564,-9.839568054597438,2025-0521-122618,"[1, 1, 1]","[9.79062664e-04 1.00167583e-06 4.95546341e-04 1.16268037e-06
 8.82894822e-06 6.22484572e-07 9.37706177e-04 5.14852434e-07
 9.91435751e-04 1.77769872e-06 1.67688517e-12]",./circuit_database/SMC/result_folder/2025-0521-122618
41325600.0,86.7919,0.0057354,-9.857655455753191,2025-0521-122627,"[1, 1, 1]","[8.73867421e-04 7.81333160e-07 3.73412871e-04 1.54732743e-06
 2.60948282e-05 1.63191965e-06 5.76224461e-04 5.58748133e-07
 8.02631639e-04 1.91187003e-06 2.12113428e-12]",./circuit_database/SMC/result_folder/2025-0521-122627
42580600.0,85.8117,0.00751843,-9.753084616154073,2025-0521-122627,"[1, 1, 1]","[9.61683654e-04 6.04721278e-07 4.44290073e-04 1.36821684e-06
 2.26005777e-05 1.52685940e-06 9.42824059e-04 6.45787502e-07
 8.91490008e-04 1.98999918e-06 1.78963813e-12]",STALE
43323000.0,81.8077,0.00700139,-9.791534252778238,2025-0521-122702,"[1, 1, 1]","[8.83898499e-04 5.90801025e-07 3.69941997e-04 8.55211869e-07
 1.45461847e-05 1.32189952e-06 5.28990136e-04 5.57249500e-07
 7.80540457e-04 1.82523395e-06 1.34393880e-12]",STALE
37517400.0,88.6465,0.00590199,-9.803234264310433,2025-0521-122719,"[1, 1, 1]","[9.15214760e-04 8.00729191e-07 3.39121978e-04 1.72127293e-06
 2.15702318e-05 1.25119682e-06 7.46309099e-04 5.09094005e-07
 8.51972713e-04 1.76895276e-06 2.31186278e-12]",./circuit_database/SMC/result_folder/2025-0521-122719
29376500.0,89.0348,0.00520825,-9.75130822892395,2025-0521-122719,"[1, 1, 1]","[8.93304216e-04 9.17140447e-07 2.43845790e-04 1.79732130e-06
 2.31927730e-05 1.74889519e-06 6.83746688e-04 5.70923466e-07
 8.01260056e-04 1.87195393e-06 2.43572180e-12]",STALE
29978700.0,89.0797,0.00517095,-9.763242457697787,2025-0521-122719,"[1, 1, 1]","[8.94995319e-04 9.25295927e-07 3.50042497e-04 1.68770668e-06
 2.06100320e-05 1.91897140e-06 6.54594510e-04 5.08093741e-07
 8.71044557e-04 1.98661013e-06 2.05780886e-12]",./circuit_database/SMC/result_folder/2025-0521-122719
37535100.0,87.0779,0.00609045,-9.789788195066999,2025-0521-122727,"[1, 1, 1]","[8.84827925e-04 7.29390337e-07 3.78787812e-04 1.57017762e-06
 2.42188836e-05 1.53823963e-06 6.35146591e-04 5.03881327e-07
 8.51949488e-04 1.78875643e-06 2.27593432e-12]",STALE
38807200.0,87.5665,0.00579513,-9.82584912607046,2025-0521-122727,"[1, 1, 1]","[8.86852683e-04 7.85629865e-07 3.42514431e-04 1.55471683e-06
 2.51228621e-05 1.60821056e-06 6.42999652e-04 5.29642260e-07
 7.73549101e-04 1.89116286e-06 2.17221882e-12]",./circuit_database/SMC/result_folder/2025-0521-122727
37255500.0,88.2119,0.0052917,-9.847595181419246,2025-0521-122727,"[1, 1, 1]","[8.80860027e-04 8.83549642e-07 3.80868092e-04 1.47202873e-06
 2.74458009e-05 1.82122026e-06 6.39599880e-04 5.40862535e-07
 8.10523608e-04 1.85549676e-06 2.25941354e-12]",./circuit_database/SMC/result_folder/2025-0521-122727
41188300.0,87.1411,0.00550543,-9.873982622242021,2025-0521-122736,"[1, 1, 1]","[8.87460890e-04 8.45456684e-07 3.83162951e-04 1.59743389e-06
 2.78254253e-05 1.73810946e-06 5.16097152e-04 5.21340222e-07
 8.14321090e-04 1.95530799e-06 2.17634475e-12]",./circuit_database/SMC/result_folder/2025-0521-122736
43241200.0,86.0069,0.00635161,-9.833013913895462,2025-0521-122736,"[1, 1, 1]","[8.87390951e-04 6.90931848e-07 3.45806427e-04 1.38342823e-06
 2.59408010e-05 1.50193890e-06 5.94832566e-04 5.01154611e-07
 8.52777639e-04 1.88698833e-06 2.12813842e-12]",./circuit_database/SMC/result_folder/2025-0521-122736
36713000.0,88.0592,0.00507885,-9.859054487836161,2025-0521-122736,"[1, 1, 1]","[8.66500726e-04 9.13201289e-07 3.20425279e-04 1.46350099e-06
 2.48399530e-05 1.66478283e-06 5.53284298e-04 5.07820637e-07
 8.04170276e-04 1.96338417e-06 2.22707107e-12]",./circuit_database/SMC/result_folder/2025-0521-122736
43446400.0,85.4215,0.00634903,-9.835246417144281,2025-0521-122736,"[1, 1, 1]","[8.81696605e-04 6.85584400e-07 3.40187955e-04 1.51102143e-06
 2.69303503e-05 1.48080948e-06 5.36915552e-04 5.45403475e-07
 7.54761650e-04 1.97570381e-06 2.19502765e-12]",STALE
45114100.0,85.8034,0.00600398,-9.875873060983308,2025-0521-122736,"[1, 1, 1]","[8.69099438e-04 7.27439156e-07 3.51131410e-04 1.40712551e-06
 2.65694830e-05 1.54365169e-06 5.22533894e-04 5.15860813e-07
 8.03251294e-04 1.97039541e-06 2.04138958e-12]",./circuit_database/SMC/result_folder/2025-0521-122736
49959700.0,84.4679,0.00637661,-9.894029965937014,2025-0521-122745,"[1, 1, 1]","[8.98161634e-04 7.00429285e-07 3.20656731e-04 1.27338829e-06
 2.72003113e-05 1.42005521e-06 4.78052839e-04 5.22157680e-07
 7.58248986e-04 1.99623031e-06 2.01857510e-12]",STALE
42514300.0,85.8251,0.00621071,-9.835393781817125,2025-0521-122753,"[1, 1, 1]","[9.06021742e-04 7.35649164e-07 2.97451167e-04 1.43999318e-06
 2.62216779e-05 1.46326982e-06 5.53714317e-04 5.45961292e-07
 7.82937850e-04 1.97333572e-06 2.20196945e-12]",./circuit_database/SMC/result_folder/2025-0521-122753
50467200.0,84.7457,0.00658867,-9.88421145403088,2025-0521-122810,"[1, 1, 1]","[9.16012764e-04 6.86154580e-07 3.13674162e-04 1.30869455e-06
 2.72568441e-05 1.48670544e-06 5.05221192e-04 5.04014268e-07
 7.72218359e-04 1.99808640e-06 1.91579453e-12]",STALE
47262700.0,85.076,0.00645013,-9.864950060394861,2025-0521-122810,"[1, 1, 1]","[9.17358859e-04 7.08939383e-07 3.02364908e-04 1.26563232e-06
 2.66418546e-05 1.47046973e-06 5.20818593e-04 5.05200738e-07
 7.40638203e-04 1.99756194e-06 2.00913459e-12]",STALE
48965400.0,84.9981,0.00627998,-9.89193104599128,2025-0521-122810,"[1, 1, 1]","[8.98845557e-04 7.17172970e-07 3.05626274e-04 1.32688322e-06
 2.89712458e-05 1.46542351e-06 4.77997184e-04 5.02009425e-07
 7.64097399e-04 1.99889372e-06 2.12041232e-12]",STALE
52471300.0,84.8757,0.00635838,-9.916575344794282,2025-0521-122828,"[1, 1, 1]","[9.00736410e-04 7.07403844e-07 3.18456757e-04 1.28890496e-06
 2.92909661e-05 1.42117596e-06 4.91437014e-04 5.11100836e-07
 7.55268098e-04 1.99607462e-06 2.05395760e-12]",STALE
50534400.0,84.8175,0.0062796,-9.905655132858177,2025-0521-122836,"[1, 1, 1]","[8.87528245e-04 7.04448546e-07 3.27190761e-04 1.29021852e-06
 2.76082558e-05 1.39927388e-06 4.87464490e-04 5.15655388e-07
 7.56796272e-04 1.98696926e-06 2.04928230e-12]",STALE
53007300.0,85.2511,0.00625542,-9.928079209090214,2025-0521-122836,"[1, 1, 1]","[8.99272999e-04 7.22085528e-07 3.27019551e-04 1.30656983e-06
 2.87287746e-05 1.41958622e-06 4.99280187e-04 5.04922842e-07
 7.49683294e-04 1.99669311e-06 1.99825703e-12]",./circuit_database/SMC/result_folder/2025-0521-122836
51002900.0,85.4666,0.00621638,-9.914057316056933,2025-0521-122845,"[1, 1, 1]","[8.99808175e-04 7.28662512e-07 3.21499062e-04 1.32390210e-06
 2.70772506e-05 1.40549321e-06 5.07975406e-04 5.01744350e-07
 7.49970737e-04 1.99824601e-06 1.96642135e-12]",./circuit_database/SMC/result_folder/2025-0521-122845
48928600.0,85.4444,0.00619187,-9.897740959777314,2025-0521-122845,"[1, 1, 1]","[8.91297355e-04 7.22582391e-07 3.37054844e-04 1.33937748e-06
 2.68690551e-05 1.43649109e-06 5.08491674e-04 5.05888618e-07
 7.57750232e-04 1.99471839e-06 2.00206032e-12]",STALE
50599800.0,85.3427,0.0061708,-9.913807329406797,2025-0521-122845,"[1, 1, 1]","[8.86416819e-04 7.21094550e-07 3.28282075e-04 1.27475338e-06
 2.71249240e-05 1.39126588e-06 5.06906945e-04 5.00751500e-07
 7.51838566e-04 1.99127496e-06 2.01333920e-12]",./circuit_database/SMC/result_folder/2025-0521-122845
49926100.0,85.143,0.00613936,-9.91020454196764,2025-0521-122845,"[1, 1, 1]","[8.93160978e-04 7.33687371e-07 3.27638043e-04 1.34761112e-06
 2.71903431e-05 1.44438553e-06 4.85461460e-04 5.24353313e-07
 7.57488660e-04 1.99239196e-06 1.98229273e-12]",STALE
49126200.0,85.3456,0.0061075,-9.905449696328608,2025-0521-122845,"[1, 1, 1]","[8.85666572e-04 7.30215293e-07 3.24897628e-04 1.33706565e-06
 2.69492148e-05 1.43978974e-06 4.85572171e-04 5.00541832e-07
 7.44622401e-04 1.99040469e-06 2.00001984e-12]",STALE
50251300.0,85.4582,0.00609129,-9.9164380251228,2025-0521-122854,"[1, 1, 1]","[8.81371153e-04 7.28751278e-07 3.27875964e-04 1.29567141e-06
 2.77749915e-05 1.44255513e-06 5.04541649e-04 5.02658512e-07
 7.52817796e-04 1.97291819e-06 2.01243963e-12]",./circuit_database/SMC/result_folder/2025-0521-122854
50967300.0,85.1349,0.00618339,-9.916064988115437,2025-0521-122854,"[1, 1, 1]","[8.98923691e-04 7.33093639e-07 3.11909265e-04 1.27153229e-06
 2.69210420e-05 1.40850154e-06 4.88817869e-04 5.03556544e-07
 7.49889972e-04 1.97844267e-06 1.96234058e-12]",./circuit_database/SMC/result_folder/2025-0521-122854
45606100.0,85.337,0.00605923,-9.87660549716193,2025-0521-122854,"[1, 1, 1]","[8.82078439e-04 7.32949949e-07 3.39117141e-04 1.34639663e-06
 2.49702012e-05 1.44838878e-06 4.90534851e-04 5.12955682e-07
 7.52944513e-04 1.99778952e-06 1.99026263e-12]",./circuit_database/SMC/result_folder/2025-0521-122854
51807900.0,85.2998,0.00620211,-9.921856524222674,2025-0521-122902,"[1, 1, 1]","[8.95879300e-04 7.26988938e-07 3.22661025e-04 1.31601977e-06
 2.80394039e-05 1.41740792e-06 4.95566397e-04 5.03727917e-07
 7.50840046e-04 1.98633765e-06 1.99658063e-12]",./circuit_database/SMC/result_folder/2025-0521-122902
51762600.0,85.3673,0.00618572,-9.922625824988604,2025-0521-122911,"[1, 1, 1]","[8.93682228e-04 7.27346923e-07 3.20765365e-04 1.32754108e-06
 2.82270526e-05 1.41832440e-06 4.95353987e-04 5.02196627e-07
 7.48539200e-04 1.99279375e-06 2.00669421e-12]",./circuit_database/SMC/result_folder/2025-0521-122911
55182700.0,41.2521,0.00655414,-7.049650516762962,2025-0521-124248,"[1, 0, -1]","[9.72019350e-04 1.62212829e-06 5.88303736e-05 1.61134497e-06
 6.03264735e-04 5.46417870e-07 7.43268833e-04 6.74845317e-07
 3.80720793e-05 1.32826577e-06 2.72681475e-12]",STALE
92105900.0,49.9126,0.00678967,-7.0525620425102264,2025-0521-124322,"[1, 0, -1]","[9.62666996e-04 1.61046914e-06 6.88612420e-05 1.62331991e-06
 6.00522660e-04 5.55830313e-07 7.41792342e-04 6.87194880e-07
 4.49184882e-05 1.30985098e-06 2.71007429e-12]",STALE
123041000.0,50.2715,0.00663981,-7.171289189337074,2025-0521-124331,"[1, 0, -1]","[9.60522955e-04 1.60875058e-06 6.45977595e-05 1.61703826e-06
 5.93016405e-04 5.60898899e-07 7.41161212e-04 6.82775392e-07
 4.29693744e-05 1.30167875e-06 2.71897678e-12]",STALE
67991000.0,45.2605,0.00656427,-7.039955572565552,2025-0521-124340,"[1, 0, -1]","[9.56414086e-04 1.61284669e-06 6.29114275e-05 1.62312109e-06
 5.88657234e-04 5.65414452e-07 7.45723853e-04 6.78551766e-07
 4.02670775e-05 1.31034408e-06 2.71557601e-12]",STALE
109541000.0,48.8474,0.00655054,-7.1575892291301715,2025-0521-124349,"[1, 0, -1]","[9.57170293e-04 1.60838024e-06 6.22154210e-05 1.62204621e-06
 5.85103530e-04 5.52428180e-07 7.45160075e-04 6.93466715e-07
 4.13043018e-05 1.30611191e-06 2.70963273e-12]",STALE
166294000.0,51.8604,0.0065094,-7.264107925853948,2025-0521-124349,"[1, 0, -1]","[9.67097308e-04 1.60726406e-06 5.91793887e-05 1.60924330e-06
 5.95323497e-04 5.57575285e-07 7.36990646e-04 6.73311823e-07
 4.13491406e-05 1.29200988e-06 2.71073923e-12]",./circuit_database/SMC/result_folder/2025-0521-124349
131231000.0,50.0404,0.00649648,-7.206939138323372,2025-0521-124349,"[1, 0, -1]","[9.56394785e-04 1.61188270e-06 6.12435483e-05 1.62487270e-06
 5.88515673e-04 5.61884694e-07 7.44440993e-04 6.87589171e-07
 4.11093734e-05 1.29849046e-06 2.71891084e-12]",STALE
158205000.0,52.0493,0.00645397,-7.238466137265678,2025-0521-124358,"[1, 0, -1]","[9.71412237e-04 1.59920833e-06 5.62770611e-05 1.60515317e-06
 6.00650027e-04 5.53480178e-07 7.33192298e-04 6.84338387e-07
 3.94670851e-05 1.28162889e-06 2.70552033e-12]",./circuit_database/SMC/result_folder/2025-0521-124358
4380490.0,97.5526,0.000656333,-4.753030958931254,2025-0521-125536,"[0, -1, 1]","[1.43858615e-04 1.27903106e-06 1.85747866e-04 1.98630849e-06
 2.32906003e-06 1.05896252e-06 9.19395299e-04 7.61023797e-07
 1.69017067e-04 1.77122574e-06 2.81903521e-12]",STALE
9565240.0,98.2526,0.000975061,-4.7363152055773075,2025-0521-125553,"[0, -1, 1]","[3.01356092e-04 1.95898661e-06 7.31337993e-05 1.34286398e-06
 6.74035845e-06 1.30957061e-06 7.50790598e-04 7.05312550e-07
 1.94139931e-05 1.75483771e-06 2.78560410e-12]",STALE
7134200.0,96.66,0.000876938,-4.751420545634031,2025-0521-125619,"[0, -1, 1]","[1.86144558e-04 1.23062290e-06 1.83408698e-04 1.46594211e-06
 3.76211097e-06 1.01202971e-06 9.54577047e-04 7.99077896e-07
 7.90349474e-05 1.51433861e-06 2.79764191e-12]",STALE
5317030.0,96.9717,0.000849166,-4.69516447193856,2025-0521-125619,"[0, -1, 1]","[1.95594384e-04 1.35658820e-06 1.78881932e-04 1.78650130e-06
 3.69590787e-06 1.36596832e-06 8.03566464e-04 7.19694441e-07
 1.28771752e-04 1.55678918e-06 2.97423021e-12]",STALE
6052440.0,98.0725,0.000616293,-4.83988276199689,2025-0521-125619,"[0, -1, 1]","[1.47649413e-04 1.44467407e-06 2.16838060e-04 1.67916893e-06
 3.56553997e-06 1.16293282e-06 7.80984551e-04 7.83189808e-07
 3.99006833e-05 1.36456080e-06 2.89177796e-12]",STALE
6862520.0,97.6216,0.000742469,-4.795539411850548,2025-0521-125636,"[0, -1, 1]","[1.83693389e-04 1.49937892e-06 1.78774139e-04 1.82070749e-06
 3.91109265e-06 1.07831041e-06 6.63146763e-04 7.78501492e-07
 5.90659465e-05 1.50083801e-06 2.93094221e-12]",STALE
4722720.0,98.6675,0.000723115,-4.7043453572072025,2025-0521-125645,"[0, -1, 1]","[1.80367809e-04 1.49877560e-06 1.94801066e-04 1.87647548e-06
 2.62545491e-06 1.09341303e-06 7.78087636e-04 7.82551367e-07
 1.20712727e-05 1.55054045e-06 2.90444857e-12]",STALE
7051530.0,97.7873,0.000459924,-5.006025565550002,2025-0521-125645,"[0, -1, 1]","[1.03804655e-04 1.37005500e-06 2.29085348e-04 1.45548882e-06
 4.18859493e-06 1.27756258e-06 7.13746339e-04 8.24339515e-07
 6.94858738e-05 1.52336993e-06 2.76141282e-12]",STALE
5245160.0,98.402,0.000728977,-4.729089474013268,2025-0521-125645,"[0, -1, 1]","[1.78673128e-04 1.46937156e-06 2.27338650e-04 1.90834373e-06
 3.04854057e-06 1.23902697e-06 7.62722278e-04 7.87968512e-07
 1.72582446e-05 1.44016153e-06 2.74717199e-12]",STALE
7390850.0,97.8206,0.000835999,-4.756026762805416,2025-0521-125645,"[0, -1, 1]","[2.01346964e-04 1.44616446e-06 2.24342867e-04 1.81069980e-06
 4.45869309e-06 1.17639302e-06 8.34480166e-04 7.97604574e-07
 2.94428094e-05 1.21284562e-06 2.89575181e-12]",STALE
6725380.0,98.3576,0.000409975,-5.033938966896459,2025-0521-125645,"[0, -1, 1]","[9.35285732e-05 1.40058561e-06 2.00411401e-04 1.80248842e-06
 4.18303628e-06 1.25865498e-06 8.42678387e-04 8.17092650e-07
 6.13298962e-05 1.13068953e-06 2.83232942e-12]",STALE
5355880.0,98.379,0.00060331,-4.816272303151689,2025-0521-125645,"[0, -1, 1]","[1.36810274e-04 1.34721745e-06 1.97707655e-04 1.91106988e-06
 3.13625261e-06 1.12424288e-06 7.80621602e-04 7.46985375e-07
 3.26578351e-05 1.60594083e-06 2.93858760e-12]",STALE
3333120.0,98.7955,0.000329918,-4.966839131756623,2025-0521-125653,"[0, -1, 1]","[8.27027520e-05 1.54217433e-06 2.53638653e-04 1.75673314e-06
 2.18299288e-06 1.40222045e-06 8.66248529e-04 8.53612636e-07
 6.49851911e-05 1.17641607e-06 2.92853398e-12]",STALE
4604830.0,98.5011,0.000364288,-5.000045520224649,2025-0521-125653,"[0, -1, 1]","[8.52554473e-05 1.42612773e-06 2.36207039e-04 1.73719030e-06
 2.86502670e-06 1.34542261e-06 8.36823014e-04 6.47240680e-07
 5.91399797e-05 1.23117761e-06 2.83022024e-12]",./circuit_database/SMC/result_folder/2025-0521-125653
5651790.0,98.4856,0.00046058,-4.942990672313172,2025-0521-125702,"[0, -1, 1]","[1.04543685e-04 1.36972127e-06 1.48832380e-04 1.83301695e-06
 3.91336252e-06 1.39729998e-06 8.77724523e-04 8.17295409e-07
 1.80246251e-05 9.92482428e-07 2.83399592e-12]",STALE
11178800.0,98.1348,0.000481822,-5.078734013167842,2025-0521-125702,"[0, -1, 1]","[1.06074610e-04 1.37348362e-06 2.91332341e-04 1.74239456e-06
 6.78490526e-06 1.18181709e-06 8.21659415e-04 5.57840394e-07
 4.87969264e-06 1.06929581e-06 2.86991358e-12]",./circuit_database/SMC/result_folder/2025-0521-125702
7568640.0,98.4128,0.000433846,-5.033874919336585,2025-0521-125711,"[0, -1, 1]","[9.58270835e-05 1.34712463e-06 4.53144339e-04 1.76269093e-06
 4.70683537e-06 1.31558667e-06 8.40515092e-04 6.32549817e-07
 2.86242355e-05 9.30105993e-07 2.89509936e-12]",STALE
5772810.0,98.515,0.000464883,-4.942947332887518,2025-0521-125711,"[0, -1, 1]","[1.09999671e-04 1.44148973e-06 2.70636561e-04 1.75528962e-06
 3.90422764e-06 1.40757032e-06 7.88887111e-04 5.02944179e-07
 1.95817356e-05 1.08742169e-06 2.90447609e-12]",STALE
4707440.0,98.658,0.000470811,-4.890198107042112,2025-0521-125711,"[0, -1, 1]","[1.05755594e-04 1.33936575e-06 2.62220231e-04 1.77090636e-06
 3.11484842e-06 1.41521969e-06 8.31371886e-04 7.80296520e-07
 1.45124139e-05 1.19894159e-06 2.88953366e-12]",STALE
6891830.0,98.8194,0.000433351,-5.005654692028444,2025-0521-125711,"[0, -1, 1]","[9.92739502e-05 1.40562497e-06 1.95722311e-04 1.77974787e-06
 3.59388963e-06 9.61592830e-07 8.13882976e-04 8.05593950e-07
 7.55077867e-06 1.03046943e-06 2.89921495e-12]",./circuit_database/SMC/result_folder/2025-0521-125711
4132200.0,99.092,0.000324162,-5.015037161821392,2025-0521-125719,"[0, -1, 1]","[7.38945502e-05 1.38275896e-06 3.20815210e-04 1.80015243e-06
 2.17068784e-06 1.11229193e-06 8.03891508e-04 5.53974634e-07
 9.53738142e-06 1.13634622e-06 2.83013070e-12]",./circuit_database/SMC/result_folder/2025-0521-125719
7463330.0,98.425,0.00043954,-5.0249183464,2025-0521-125719,"[0, -1, 1]","[9.66219732e-05 1.34039230e-06 2.66301224e-04 1.81564140e-06
 4.49788660e-06 1.18065731e-06 8.51884629e-04 7.03115376e-07
 3.23010241e-05 1.02519109e-06 2.92880651e-12]",STALE
8598040.0,98.4092,0.000473921,-5.023269483020272,2025-0521-125728,"[0, -1, 1]","[1.04858305e-04 1.35372238e-06 3.08414325e-04 1.77247449e-06
 4.51851211e-06 1.01311439e-06 8.05478900e-04 5.05343754e-07
 1.59412999e-05 1.04075832e-06 2.86749942e-12]",STALE
8184170.0,98.5162,0.000472849,-5.0113375021029025,2025-0521-125728,"[0, -1, 1]","[1.04458435e-04 1.34909323e-06 2.83734157e-04 1.76344657e-06
 5.20861076e-06 1.28049108e-06 8.58213013e-04 5.44281111e-07
 2.05972348e-05 1.09812890e-06 2.89593577e-12]",STALE
8936930.0,98.4745,0.000454941,-5.048070388946363,2025-0521-125728,"[0, -1, 1]","[9.98188247e-05 1.34695194e-06 3.00258080e-04 1.71801810e-06
 4.75837162e-06 1.03736757e-06 8.24575271e-04 6.34387354e-07
 2.27858699e-05 1.04632921e-06 2.83290969e-12]",STALE
9134660.0,98.3122,0.000487241,-5.026374786782136,2025-0521-125728,"[0, -1, 1]","[1.07590231e-04 1.35271234e-06 2.80561873e-04 1.71547401e-06
 6.01402509e-06 1.34710535e-06 8.53894487e-04 5.13624187e-07
 2.09135500e-05 1.04051952e-06 2.82932704e-12]",STALE
8474830.0,98.6249,0.000416228,-5.072068285636572,2025-0521-125728,"[0, -1, 1]","[9.14337359e-05 1.35535145e-06 2.78310762e-04 1.78877281e-06
 5.42349622e-06 1.31803871e-06 8.48556151e-04 5.34498351e-07
 1.65620729e-05 1.06811723e-06 2.82998541e-12]",./circuit_database/SMC/result_folder/2025-0521-125728
8785050.0,97.8421,0.000445453,-5.0665135004715705,2025-0521-125728,"[0, -1, 1]","[9.85420166e-05 1.36507838e-06 2.84854896e-04 1.77452914e-06
 4.67695934e-06 9.97267318e-07 8.58969240e-04 5.32416569e-07
 3.18134876e-06 1.02734146e-06 2.86567795e-12]",STALE
9927130.0,98.6147,0.000437926,-5.084555286451123,2025-0521-125746,"[0, -1, 1]","[9.74363645e-05 1.38988274e-06 2.88642714e-04 1.74488671e-06
 5.97448430e-06 1.17685304e-06 8.15058138e-04 5.32298155e-07
 1.20838086e-05 1.04791176e-06 2.85072730e-12]",./circuit_database/SMC/result_folder/2025-0521-125746
11377300.0,98.5203,0.000503,-5.055939849822063,2025-0521-125746,"[0, -1, 1]","[1.11349285e-04 1.37772876e-06 2.76500673e-04 1.74750241e-06
 6.94505092e-06 1.18585113e-06 8.18717892e-04 5.55202960e-07
 1.62864187e-05 1.05367113e-06 2.87024042e-12]",./circuit_database/SMC/result_folder/2025-0521-125746
8538610.0,98.7086,0.000447789,-5.04023016458049,2025-0521-125754,"[0, -1, 1]","[1.02382621e-04 1.41611286e-06 2.99527851e-04 1.76330744e-06
 4.99470641e-06 1.17188884e-06 8.15120910e-04 5.41405179e-07
 1.36427261e-05 1.04419089e-06 2.85814835e-12]",./circuit_database/SMC/result_folder/2025-0521-125754
7604170.0,86.2086,0.000415244,-5.301528139509574,2025-0521-125754,"[0, -1, 1]","[9.39529342e-05 1.40049495e-06 2.71263432e-04 1.72982143e-06
 4.70173201e-06 1.17976314e-06 8.16846220e-04 5.23987476e-07
 8.61484202e-07 1.04061338e-06 2.84447256e-12]",STALE
8548050.0,98.1078,0.000421257,-5.079364937726952,2025-0521-125754,"[0, -1, 1]","[9.58073440e-05 1.41502431e-06 2.72781752e-04 1.75844553e-06
 5.09613008e-06 1.18144356e-06 8.22249314e-04 5.08855861e-07
 3.59590788e-06 1.06127983e-06 2.84633872e-12]",./circuit_database/SMC/result_folder/2025-0521-125754
6869560.0,98.6472,0.000373375,-5.073193992028163,2025-0521-125754,"[0, -1, 1]","[8.40744940e-05 1.38817342e-06 2.75233157e-04 1.75053059e-06
 4.00324286e-06 1.19162532e-06 8.06164085e-04 5.57423037e-07
 2.06263692e-05 1.04881248e-06 2.84588099e-12]",./circuit_database/SMC/result_folder/2025-0521-125754
7425800.0,98.7152,0.000432292,-5.025068459606391,2025-0521-125754,"[0, -1, 1]","[9.83369616e-05 1.39669908e-06 2.91510312e-04 1.75619443e-06
 4.28364159e-06 1.17123459e-06 8.02744091e-04 5.52021834e-07
 6.56911717e-06 1.04328545e-06 2.85504613e-12]",./circuit_database/SMC/result_folder/2025-0521-125754
4748870.0,98.9048,0.000398237,-4.959720906247358,2025-0521-125812,"[0, -1, 1]","[9.31830187e-05 1.42014261e-06 2.78127856e-04 1.74442342e-06
 2.61760095e-06 1.16538559e-06 8.25904832e-04 5.34112246e-07
 7.10511687e-06 1.06403570e-06 2.82861507e-12]",./circuit_database/SMC/result_folder/2025-0521-125812
11059900.0,97.4342,0.000431655,-5.138565252261967,2025-0521-125821,"[0, -1, 1]","[9.51273817e-05 1.38905470e-06 2.74607948e-04 1.73505497e-06
 6.62734562e-06 1.17492301e-06 8.21128553e-04 5.20976223e-07
 3.40399889e-06 1.03141210e-06 2.83499289e-12]",./circuit_database/SMC/result_folder/2025-0521-125821
7907600.0,98.0393,0.000405498,-5.080421335913662,2025-0521-125821,"[0, -1, 1]","[9.10984211e-05 1.39018337e-06 2.67122107e-04 1.74038144e-06
 4.68208790e-06 1.18346618e-06 8.19410869e-04 5.27661604e-07
 3.13650291e-06 1.03682742e-06 2.85203921e-12]",./circuit_database/SMC/result_folder/2025-0521-125821
1681100.0,99.0995,0.000416642,-4.710587694406006,2025-0521-125821,"[0, -1, 1]","[9.84398725e-05 1.39848566e-06 2.73605604e-04 1.72726419e-06
 8.68240547e-07 1.18482343e-06 8.19159082e-04 5.29267530e-07
 1.77586746e-06 1.05299302e-06 2.85161102e-12]",./circuit_database/SMC/result_folder/2025-0521-125821
